city,day,avg_flow,avg_speed,avg_occ
darmstadt,2016-05-04,133.47781969155932,,0.15842753606349697
hamburg,2016-11-08,141.62951120892353,,0.14592843561810212
birmingham,2017-11-13,620.6276679841898,31.185701720111147,
darmstadt,2015-10-16,136.83561703140896,,0.15125742292069227
london,2016-05-21,265.14949442989246,,0.2371149754182471
basel,2016-10-25,189.19588744588745,,0.07639962121212109
darmstadt,2016-04-14,152.04707375465114,,0.15504331439229485
essen,2017-09-26,250.80128281583137,52.35283302720764,0.018756473563772146
bern,2016-10-31,76.33721789897575,,0.021707314731407006
cagliari,2016-05-17,283.23151105726276,,0.0743512297514788
cagliari,2016-06-03,274.62182836499414,,0.07288317229600394
cagliari,2016-06-17,274.0741155605339,,0.06727431884179046
cagliari,2016-06-13,244.01766626128145,,0.06500968657431395
graz,2016-04-08,231.43206946107776,,0.06006716167664597
frankfurt,2016-12-21,233.62438801488346,,0.18775590849679658
hamburg,2016-09-26,152.09743334922067,,0.14043731553676622
innsbruck,2017-04-28,493.20338567588965,34.48621964285806,
cagliari,2016-06-21,268.10633905644227,,0.06730326812505781
cagliari,2016-07-06,281.9338301786772,,0.06898876380396687
graz,2016-09-23,212.4085375916694,,0.05067885824529513
london,2016-05-22,247.5159829985488,,0.22662077799177507
darmstadt,2015-10-01,131.1523467769817,,0.15937858394631543
essen,2017-09-14,244.72395833333331,53.00144512925509,0.018743475991649283
hamburg,2016-10-21,149.735727935975,,0.14282895202315687
essen,2017-09-01,270.72618771726536,53.014482356971804,0.019162224282458392
hamburg,2016-10-14,163.1648817492191,,0.15072594405547676
innsbruck,2017-04-27,491.0523442149522,34.415429713602435,
bremen,2016-09-29,220.41375179224522,,0.07225041984811902
darmstadt,2016-04-13,149.3237244162583,,0.1518213702315694
hamburg,2016-09-24,129.58583725840506,,0.11239927634692942
bremen,2016-09-19,211.16034155597723,,0.06993634392062464
hamburg,2016-11-07,146.85947429231658,,0.1409543557655797
innsbruck,2017-04-18,458.16536425961357,35.33580736004341,
essen,2017-09-09,189.3601776736964,54.61777829148321,0.013180694025813443
birmingham,2017-11-18,343.22030537378544,39.87198768247155,
innsbruck,2017-04-08,398.2906256446615,36.907660623444,
london,2015-09-30,276.37497914394135,,0.25890362227081787
birmingham,2017-10-23,533.1244635193133,32.719574760670646,
hamburg,2016-09-17,124.73298014858118,,0.11448027323767758
hamburg,2016-11-29,151.6925566343042,,0.1466591220462451
bremen,2016-09-21,212.75721908349027,,0.06981620808740048
hamburg,2016-09-25,118.62033657745337,,0.09830187928216194
hamburg,2016-10-15,124.70568248509622,,0.11079880872454508
darmstadt,2016-05-02,122.51128299421035,,0.13946239255195614
hamburg,2016-11-23,152.66757686084142,,0.14588617143561589
hamburg,2016-09-09,162.638892419705,,0.15379006757434838
hamburg,2016-10-22,119.21096813241756,,0.10535231198125203
london,2015-09-29,255.51079445776048,,0.24974257826931665
bordeaux,2016-11-21,310.6771825396825,,0.07721198619139061
bremen,2016-10-02,109.55182675633048,,0.026255754007893664
constance,2017-02-16,157.96941056910543,29.613533197831934,0.048712144308942926
innsbruck,2017-04-21,124.46197912387154,14.10041227435763,
augsburg,2017-05-21,118.49434593319343,,0.07660684930856992
cagliari,2016-07-14,293.4062968329281,,0.07245423718123956
london,2015-05-16,281.936728032901,,0.23677656472443245
cagliari,2016-05-27,279.0605034324943,,0.07526572082116588
hamburg,2016-09-12,151.2111485800187,,0.13569738038992624
essen,2017-09-13,250.0095663086465,52.89025228887251,0.018704326857111517
essen,2017-09-21,249.53027317375683,52.30667108589313,0.01707517097484642
hamburg,2016-12-05,148.78278481012657,,0.1448866994570228
birmingham,2017-11-16,475.5264423076923,36.42411393978448,
hamburg,2016-10-25,150.0956962929504,,0.13071652431434566
innsbruck,2017-04-05,481.23098901534286,34.23365885562283,
hamburg,2016-09-02,158.78952571674822,,0.1489640594294306
birmingham,2017-10-25,457.0719106957425,36.32489492850163,
hamburg,2016-09-23,161.9515409570154,,0.14779603658537305
birmingham,2017-10-27,457.7015210639484,34.84729165094674,
hamburg,2016-11-03,160.96388028895768,,0.16431896034829696
augsburg,2017-05-10,192.46089819595542,,0.13940866640528835
bern,2016-10-25,163.2591661756219,,0.13637183275557446
graz,2016-04-04,213.0808116004502,,0.05229198697224338
essen,2017-03-27,311.2083719286754,50.609643510645775,0.024443424216354537
bremen,2016-10-01,170.7675368903432,,0.04941130343927544
essen,2017-09-06,257.32829351252695,53.33948170756596,0.019319872034567278
kassel,2016-09-01,245.03503392761135,,0.15915998292733077
kassel,2016-08-29,243.39450040904038,,0.16118628099768395
hamburg,2016-09-06,161.10486701426223,,0.15347321658599525
hamburg,2016-10-26,148.4555636120834,,0.12673279180856792
hamburg,2016-10-06,158.78565631974033,,0.150191653497824
london,2016-05-18,256.830429469934,,0.2628165186868917
bremen,2016-09-27,209.81720738075714,,0.06854416470219767
darmstadt,2016-04-19,123.70337000505818,,0.1331317442252527
hamburg,2016-09-21,156.24697385820363,,0.14224767173108316
innsbruck,2017-04-03,473.37838547884127,34.24926214104384,
hamburg,2016-08-28,100.60773254863496,,0.08564103746200075
darmstadt,2015-09-22,129.4483140849923,,0.14508870214752556
hamburg,2016-10-12,156.74259831296823,,0.14746644565459457
essen,2017-09-04,248.86584102444107,53.29948831254105,0.017844631732056436
cagliari,2016-05-25,280.9239027432184,,0.07671257039019491
innsbruck,2017-04-11,447.49401028880214,35.58684902960285,
augsburg,2017-05-15,193.73546193528216,,0.13412683679850734
augsburg,2017-05-14,134.88583996038335,,0.08283176517423825
bremen,2016-09-25,123.306183301946,,0.030180674468246186
cagliari,2016-06-28,292.5283047022177,,0.07418611158388684
innsbruck,2017-04-25,478.7377602326387,34.063780425145396,
essen,2017-09-30,196.6333120822224,54.520670301147575,0.01325672385810343
london,2015-09-27,262.06244788209193,,0.23725676423658787
hamburg,2016-09-15,158.53616908877567,,0.14460779621087083
bordeaux,2016-11-26,275.49463007159903,,0.06588376803401827
innsbruck,2017-04-04,472.83437467365434,34.18778206582684,
darmstadt,2016-04-27,152.02662849787222,,0.15149533937245058
hamburg,2016-12-03,130.8877427184466,,0.12664244808120093
bolton,2017-11-15,346.2547272423025,24.2958665896244,14.266191801576031
cagliari,2016-07-22,279.578894786138,,0.06888371319040963
hamburg,2016-10-28,155.0500678136968,,0.1401387336668786
hamburg,2016-08-30,153.1868410509714,,0.14508098256816504
hamburg,2016-11-18,162.09952557755776,,0.16765485058025556
hamburg,2016-10-09,105.60302679893697,,0.08875317683593334
basel,2016-10-26,194.4172077922078,,0.0841607593795093
cagliari,2016-05-30,276.1596083051996,,0.07979991982997009
essen,2017-09-07,268.7251525917828,52.23611760030064,0.01986394089574156
essen,2017-09-19,240.58730064270407,53.7842367000714,0.016462548599539804
bordeaux,2016-11-22,320.09996041171814,,0.08745919141123441
hamburg,2016-10-13,162.29833592234982,,0.15016261528696498
darmstadt,2015-10-07,139.71874562854345,,0.13347456395148866
cagliari,2016-06-23,281.29672904515184,,0.0679358923791776
darmstadt,2016-04-15,155.64893904842887,,0.16083687628028687
hamburg,2016-10-16,106.31556407430813,,0.0871385666544104
hamburg,2016-11-02,153.22804389928987,,0.15451193748794476
essen,2017-03-28,255.67669833491678,52.62747214560692,0.020174151001779245
darmstadt,2016-04-18,121.67489658041306,,0.13374118269381008
innsbruck,2017-04-29,392.21380245585937,36.14316415105251,
cagliari,2016-07-04,282.8134145326238,,0.06907861004863361
augsburg,2017-05-07,124.44509335793708,,0.09497322439196133
cagliari,2016-05-23,279.44961860499205,,0.07470411605131085
darmstadt,2015-10-14,127.83118214814694,,0.15023861065448085
cagliari,2016-07-11,279.9947712743774,,0.06639257354914947
darmstadt,2016-04-12,148.57995456470678,,0.16452642691206495
augsburg,2017-05-08,188.7007874390389,,0.15177780421078715
basel,2016-10-28,194.12608225108224,,0.07988257575757558
cagliari,2016-07-20,276.3388657417529,,0.06752715711532065
graz,2016-04-06,219.11071599616855,,0.053651352969347914
graz,2016-04-05,215.57169305520682,,0.05263523977070028
innsbruck,2017-04-22,0.0,0.0,
london,2015-05-17,277.2841581724585,,0.23081591053108738
london,2016-05-19,267.8477160080206,,0.2600239182163925
augsburg,2017-05-24,199.97067901234567,,0.19981352880658382
essen,2017-09-15,248.46344893697136,53.241868550917246,0.017941544690328163
cagliari,2016-06-15,272.87766109844665,,0.06802860720336251
kassel,2016-08-28,71.05013192612137,,0.03220316633245383
hamburg,2016-11-01,154.82128394934358,,0.16338591270872574
hamburg,2016-11-30,149.6460660514813,,0.15822381395413446
hamburg,2016-10-30,112.69359014186601,,0.09298383162046701
london,2015-10-01,305.4962483168547,,0.26988854160054454
graz,2016-09-20,203.97736261182774,,0.04990354362727931
hamburg,2016-10-20,152.32512232512232,,0.1351606988328225
innsbruck,2017-04-09,309.8554689682292,37.20412306923395,
cagliari,2016-07-25,272.96446204355783,,0.06727707326961607
darmstadt,2015-10-13,117.6829110423311,,0.12796392187322697
hamburg,2016-11-24,156.56624190938513,,0.15240563042827948
basel,2016-10-29,127.23647186147186,,0.055659947691197705
bolton,2017-11-16,349.9879518072289,24.129114428703296,15.036679273647119
essen,2017-09-03,126.64369453164362,55.84670176479478,0.007785159127030281
kassel,2016-08-30,252.15797069168556,,0.1566619089279196
constance,2017-02-14,155.28997289972867,29.980180103884337,0.04795169941282731
innsbruck,2017-04-01,399.2057290878038,36.37630206131728,
birmingham,2017-10-24,428.1943693335454,36.56458663110289,
groningen,2017-09-21,203.58863636363637,36.91239371388398,Infinity
hamburg,2016-11-26,125.24332524271844,,0.12106974071090748
innsbruck,2017-04-23,17.313802082682294,3.2202908120225695,
bremen,2016-09-22,215.63159133709982,,0.07011982480019188
hamburg,2016-10-19,149.6991611831732,,0.1314521144442917
innsbruck,2017-04-13,459.62890576571203,35.128689156406274,
birmingham,2017-10-26,440.7631088418835,36.065380361923566,
hamburg,2016-09-01,158.46669204415684,,0.15282629416125135
darmstadt,2015-09-25,112.02558466504287,,0.12416978554030696
hamburg,2016-09-19,150.1601261938455,,0.13621035165949533
bremen,2016-09-23,218.2939027739632,,0.0721717596593287
cagliari,2016-06-24,281.4776484653752,,0.07281516006693783
birmingham,2017-11-17,517.8778961060076,35.066304814389596,
bremen,2016-09-28,213.16811256420218,,0.07009519429519862
kassel,2016-09-02,48.07842317697451,,0.024629474867669643
cagliari,2016-07-19,276.4853255624728,,0.06649064490637013
cagliari,2016-07-15,281.9460833483898,,0.06875160169003357
hamburg,2016-11-28,145.6531148867314,,0.14074279164352516
london,2015-09-26,281.8155580488606,,0.2483797178733893
innsbruck,2017-04-17,288.9877598273221,36.28654529085937,
hamburg,2016-10-07,161.3712489862125,,0.1521420456472422
augsburg,2017-05-22,194.79128440366972,,0.18534467380224084
bern,2016-10-27,158.3180576901023,,0.13737075056088444
cagliari,2016-06-02,180.72277275936793,,0.04069503624254774
constance,2017-02-18,133.4126355013547,31.893072493224892,0.039037262872628646
hamburg,2016-09-29,164.15678718117744,,0.16589405327105727
london,2015-05-19,273.20499641742344,,0.25044951552791705
hamburg,2016-09-07,163.71173217209687,,0.1566519885353115
hamburg,2016-09-03,130.0869149758061,,0.11470571950706265
cagliari,2016-07-21,279.2441547044443,,0.06947469651801658
cagliari,2016-07-13,289.04612852136825,,0.07180966217455843
darmstadt,2016-04-11,147.60740569491003,,0.15806855983251258
essen,2017-09-22,245.0059419756107,52.81073311491709,0.017736430042351495
hamburg,2016-11-17,160.3756144613115,,0.1694071966127095
essen,2017-09-11,245.56785866156642,53.73297103773038,0.01777946859903382
augsburg,2017-05-09,187.28729458956207,,0.14901302468516303
darmstadt,2016-04-29,164.19216317767044,,0.16625578304321853
hamburg,2016-11-19,133.34137788778878,,0.1314581850223397
cagliari,2016-05-18,287.8768809682366,,0.07753634654504292
darmstadt,2016-04-25,147.88273803793203,,0.1614318218285625
augsburg,2017-05-19,196.74159306985518,,0.14149184882074037
darmstadt,2016-04-26,152.0197357643272,,0.16175527523745709
darmstadt,2015-10-12,110.91832810915997,,0.1248466734250812
bolton,2017-11-18,309.19644813018306,26.277725541824378,12.59664890650047
bremen,2016-09-30,229.26024581568018,,0.0760742298352337
cagliari,2016-05-26,276.3147142297906,,0.07570109121504613
hamburg,2016-10-01,126.03771289537713,,0.10883393354081856
hamburg,2016-08-29,148.99316722322118,,0.1379593730418346
essen,2017-09-20,242.8860818171669,52.90531920158768,0.016250531339361638
hamburg,2016-11-20,106.9319306930693,,0.09547103819987479
bordeaux,2016-11-25,348.52173046251994,,0.09882472679801274
constance,2017-02-19,94.52520325203228,32.48620144534774,0.023677704381210685
basel,2016-10-24,182.30128060093216,,0.06784542286981309
cagliari,2016-05-31,278.298753407455,,0.07920353865610096
essen,2017-09-24,110.07447639045928,54.48786087926022,0.006536204185643015
cagliari,2016-07-12,284.92100392019995,,0.06962795496335121
london,2015-09-25,295.38649519658236,,0.2676918471756337
innsbruck,2017-04-15,354.6645834883464,36.633810780924456,
london,2016-05-17,248.54324372890082,,0.24700378067073814
cagliari,2016-07-28,270.99515579585585,,0.0673281036777771
london,2015-05-21,285.66953340289547,,0.25075493257560894
essen,2017-09-02,196.72540271178588,54.92322217846794,0.013029767423891222
hamburg,2016-11-05,131.46142739273927,,0.13723034479406587
bolton,2017-11-17,349.07446452476574,24.55545349447681,14.565520222696449
cagliari,2016-07-29,281.8323396702788,,0.06863961903597449
graz,2016-09-19,205.52566531086583,,0.05243624636838965
hamburg,2016-12-01,153.58449690773762,,0.16914790503864685
hamburg,2016-09-08,165.26990289288744,,0.15945802764758638
hamburg,2016-11-22,149.3382981320962,,0.1421055321521555
hamburg,2016-08-31,157.6214685825621,,0.14757170350400467
darmstadt,2016-04-21,141.94195901921995,,0.16179219828550764
essen,2017-09-17,127.60909827526336,54.636560512038436,0.008938245167264734
augsburg,2017-05-06,163.46204807874315,,0.12085699413213137
darmstadt,2015-10-15,123.89732272108992,,0.14786207361197906
darmstadt,2015-09-24,109.91448528729231,,0.13424444599152716
hamburg,2016-09-04,110.42690592051906,,0.09711178861788598
cagliari,2016-07-01,295.2797065618792,,0.07116123529282291
hamburg,2016-10-17,143.54063121272367,,0.1256732416888715
hamburg,2016-10-03,99.1234793187348,,0.0783890162319942
darmstadt,2015-10-06,118.32594499261165,,0.10244196577529746
cagliari,2016-07-07,273.0881563674035,,0.06919384497895537
hamburg,2016-09-22,162.51208611707173,,0.14996457236814908
darmstadt,2016-05-06,141.78151002722498,,0.12672945665093915
cagliari,2016-07-27,268.47988282717006,,0.06597658630100234
cagliari,2016-06-20,264.06340147803286,,0.06578338246006404
hamburg,2016-09-10,128.69996544083267,,0.11133817837850045
augsburg,2017-05-20,160.3828410121041,,0.10606445188654415
bern,2016-10-24,152.93888390293574,,0.12829947626635904
cagliari,2016-05-20,282.6001966976781,,0.07431361470550976
bern,2016-10-28,170.15496556177555,,0.14003561990278185
essen,2017-09-08,250.52654116366725,53.06000789188175,0.017937190900098925
hamburg,2016-11-27,113.87398779025952,,0.10421717249525056
graz,2016-04-07,225.7201278796877,,0.056588114852243084
london,2015-09-28,257.56509765472657,,0.2461317529720749
darmstadt,2016-04-20,139.39665954106388,,0.15620604523131312
hamburg,2016-10-27,152.8081444799858,,0.13561900391581602
constance,2017-02-13,149.07435636856337,29.809002371273664,0.04496587059620581
hamburg,2016-10-18,146.79574558648721,,0.13593058823325482
hamburg,2016-11-04,167.41712850530337,,0.16574245576887892
augsburg,2017-05-12,210.19861704547105,,0.14405421491443396
bremen,2016-09-20,212.39787794226615,,0.0698791845696495
hamburg,2016-11-21,146.500268162878,,0.13738502211868706
augsburg,2017-05-25,113.13642980018525,,0.13468638348551015
essen,2017-09-28,254.65744602788402,53.182020152937085,0.017988122827346485
cagliari,2016-06-30,284.0399431520682,,0.07000062333896806
darmstadt,2015-09-21,145.3562351785191,,0.13635409679115398
essen,2017-03-29,254.62063473615171,52.59297318510136,0.017446443124927248
innsbruck,2017-04-24,471.05442721332463,33.9703559475868,
hamburg,2016-09-18,113.87144856117297,,0.09147246320832171
essen,2017-09-12,247.22441273502236,53.28091751640459,0.01791224592903503
bremen,2016-09-24,165.46120104520594,,0.046069803937617004
essen,2017-09-10,131.72569404231822,54.95738376394841,0.008439093648586006
hamburg,2016-08-27,117.32230131208047,,0.10171406886363421
darmstadt,2015-10-08,156.62633787543024,,0.14048991780218517
augsburg,2017-05-16,194.36732349390553,,0.13705639822423804
basel,2016-10-31,33.97402597402598,,0.020207792207792202
cagliari,2016-06-27,263.5864417000641,,0.06799009385658916
darmstadt,2016-04-22,156.08608826507918,,0.1741849093151832
cagliari,2016-05-24,282.7265274157826,,0.07575105335871728
essen,2017-09-25,266.81947874691275,53.11969537592614,0.01922272412149576
hamburg,2016-11-12,128.79651402640263,,0.11877934895833771
graz,2016-09-21,207.42642847180252,,0.05002782556139216
hamburg,2016-11-25,160.4432645631068,,0.1558259869321371
basel,2016-10-30,133.6098484848485,,0.04824666305916324
hamburg,2016-10-10,151.5716089255746,,0.14446329567613114
innsbruck,2017-04-14,456.0169269362629,34.87502166403212,
hamburg,2016-11-15,143.38263201320132,,0.16219483377575677
essen,2017-09-16,194.3018529227949,53.72748737452229,0.012537541015248033
hamburg,2016-11-11,159.31670483381816,,0.1583741271189315
birmingham,2017-11-14,564.7656418971111,32.637671447519935,
cagliari,2016-05-16,274.4762563364802,,0.07619071288716919
essen,2017-09-29,261.74042434051506,53.400410138267894,0.019411089872309776
hamburg,2016-11-14,147.00837154602803,,0.14778064719410042
augsburg,2017-05-13,176.21440993668463,,0.112334820541893
darmstadt,2015-10-02,124.95155579893624,,0.14766594917561915
london,2015-05-18,264.8728732617325,,0.2437348097818213
hamburg,2016-09-28,162.54923141682008,,0.15774596129828963
hamburg,2016-10-08,133.17579075425792,,0.11723245176652977
essen,2017-03-31,274.13504615185576,52.7088201840459,0.02020601583623022
london,2015-05-20,279.9798200968488,,0.25152564112097775
london,2015-05-22,294.43819088451113,,0.2515141180310713
innsbruck,2017-04-16,261.9713539119792,37.194075610297304,
cagliari,2016-06-01,291.2624043749424,,0.08052457319380565
augsburg,2017-05-17,191.32359089336248,,0.13772736968341942
bern,2016-10-26,177.20572926438763,,0.13752886177339363
hamburg,2016-11-13,108.92875570140136,,0.09470256551896222
darmstadt,2015-09-30,158.0444089527739,,0.16135393329044181
bordeaux,2016-11-27,221.97485977564102,,0.049887541964475514
bern,2016-10-29,140.27180445035015,,0.10200561122699404
hamburg,2016-10-04,154.0081731159244,,0.14470267483946433
hamburg,2016-09-16,156.62132772299816,,0.14604057934189493
augsburg,2017-05-23,196.81613346543514,,0.18810987887116726
cagliari,2016-07-18,271.45329370603065,,0.07020452161777267
hamburg,2016-12-02,167.11508899676375,,0.16806021019178588
hamburg,2016-12-08,131.40837378640776,,0.14082468558277697
innsbruck,2017-04-02,316.05416683719625,36.6631510073763,
darmstadt,2015-09-23,107.9355000029075,,0.12928006404255438
essen,2017-09-18,241.28529797707273,52.924295422695685,0.01708767562142969
darmstadt,2015-10-05,94.55721220527046,,0.09960910772075647
innsbruck,2017-04-19,235.0963541030816,19.701996545737845,
london,2015-05-15,290.07927282900164,,0.254991658111218
basel,2016-10-27,182.33170995670994,,0.07567221320346301
hamburg,2016-11-10,147.4564800932867,,0.1573592356554011
graz,2016-09-22,208.25813250560952,,0.05077407316988038
constance,2017-02-17,162.03130081300787,29.77673328816614,0.05029002935862669
hamburg,2016-10-24,140.85104129710723,,0.11929810275025257
innsbruck,2017-04-20,318.2041671831815,19.347048605282115,
london,2016-05-16,252.02638524499665,,0.24400743915718032
bern,2016-10-30,102.12894674748281,,0.07272656510884551
cagliari,2016-06-22,278.80579359985904,,0.0669761766966782
hamburg,2016-09-30,164.82591380666108,,0.1556403979745109
hamburg,2016-10-02,108.93837473957409,,0.09367779555048038
essen,2017-03-30,264.5107671553026,52.356097449277854,0.01914013315234957
darmstadt,2015-10-09,145.9776561065924,,0.15635946450613203
london,2015-05-23,280.6196320443861,,0.22839261428902297
cagliari,2016-06-16,279.96997576882586,,0.06848965244414867
darmstadt,2016-05-03,130.97591358788688,,0.15169483579394538
essen,2017-09-05,245.740692465145,54.24196477679294,0.01743883482022169
bordeaux,2016-11-24,337.050139553429,,0.09081328057708365
cagliari,2016-06-14,254.4444939273831,,0.06672569626694161
hamburg,2016-09-13,151.98231752242066,,0.1359245326269732
hamburg,2016-09-27,158.81364536270877,,0.1489397555820259
augsburg,2017-05-11,200.08528809311517,,0.14524317420537397
cagliari,2016-07-05,280.45050503788565,,0.07082825797309183
birmingham,2017-11-15,458.63268239073466,37.249255925675904,
bordeaux,2016-11-23,325.9981150793651,,0.08463546669868338
hamburg,2016-12-06,153.6888816595418,,0.14701490519774746
innsbruck,2017-04-10,444.13411451534284,34.6996528242947,
innsbruck,2017-04-07,511.4348957881293,34.72703991208768,
augsburg,2017-05-18,191.20037910956174,,0.13733994585490536
constance,2017-02-15,151.65765582655808,30.241830397470604,0.045590164859981734
hamburg,2016-09-11,110.40014639502257,,0.09193490143323034
hamburg,2016-11-16,150.65021195837159,,0.16572468623920614
essen,2017-09-27,249.1590777430194,52.45324901977756,0.018668559070018947
groningen,2017-10-06,220.27976620002886,35.216485081898924,Infinity
london,2016-05-20,276.36472657891767,,0.2585101918027665
birmingham,2017-10-28,360.7656441717791,36.90240811153359,
hamburg,2016-10-11,153.92748478701824,,0.15056050901451232
hamburg,2016-09-20,153.50777906245563,,0.1418058741064399
innsbruck,2017-04-06,495.95104231861995,34.4152994560026,
innsbruck,2017-04-26,472.1356776343099,34.18476562581164,
hamburg,2016-11-09,147.37020198874842,,0.1404783795306249
kassel,2016-08-31,254.65976786787897,,0.15892404145525985
innsbruck,2017-04-30,299.22057255603295,36.68398439871528,
cagliari,2016-07-08,287.1324799381465,,0.06892895371137435
darmstadt,2016-04-28,158.06625525892693,,0.1594161668479761
hamburg,2016-10-29,129.15794533079057,,0.11095898843086352
hamburg,2016-09-05,155.38544982663882,,0.1476496050055282
innsbruck,2017-04-12,442.28177084296885,35.16961812370878,
essen,2017-09-23,192.28996332754292,54.38758383732871,0.012011910277198692
hamburg,2016-11-06,114.06257899760105,,0.10801404600252665
darmstadt,2015-09-28,109.55788841856481,,0.12273582723197389
hamburg,2016-10-31,157.71878580201678,,0.1579279167421212
hamburg,2016-09-14,154.8481069132648,,0.13718263164671668
bolton,2017-11-14,346.3975903614458,24.349682594714427,14.418053166125073
cagliari,2016-07-26,274.09072154636726,,0.0691750749215178
hamburg,2016-10-05,154.10263449552104,,0.14444507739285004
cagliari,2016-05-19,282.6426147307916,,0.07815871219396918
hamburg,2016-12-07,144.89644012944984,,0.1530845994739745
hamburg,2016-10-23,101.17583307905176,,0.08152692953743801
hamburg,2016-12-04,111.56988268608414,,0.10147128278940873
bolton,2017-11-13,380.50921523933573,23.69733303714513,15.719835751084897
bremen,2016-09-26,208.2995919648462,,0.06835901626807075
darmstadt,2015-09-29,119.82035449513418,,0.13957916192074307
hamburg,2016-12-09,102.00903008931219,,0.10853659618840121
cagliari,2016-06-29,286.0899425394807,,0.07510128299967994
luzern,2015-04-23,362.6303668953267,,0.18711356936334453
luzern,2015-11-24,300.9864249465812,,0.0850071447649547
luzern,2015-01-25,1501.2208531118144,,13.033912513185546
luzern,2015-07-24,432.7736645299145,,0.5699939903846293
luzern,2015-01-22,1568.6730353375528,,12.808073707805876
luzern,2015-04-01,306.994387755102,,0.2040562641723399
luzern,2015-09-18,318.38031517094015,,0.08920479433760425
luzern,2015-02-27,2625.9224024261603,,10.094951872362843
luzern,2015-04-19,208.87307964852607,,0.2630531462585127
luzern,2015-05-25,187.4200467687075,,0.26936210317461456
luzern,2015-03-08,1466.545523470464,,0.26542029272152884
luzern,2015-08-01,179.54448450854701,,0.08490852029914439
luzern,2015-05-24,294.02770691609976,,0.2387071995464939
luzern,2015-03-22,276.38780061521254,,0.312145204138713
luzern,2015-10-29,376.133211345737,,0.8878564909422
luzern,2015-06-16,857.3690211187214,,13.658700627853896
luzern,2015-02-02,1525.8996901371308,,12.933910205696176
luzern,2015-10-26,262.3747262286325,,0.13378792735043155
luzern,2015-07-26,198.88726629273503,,0.06010576923076606
luzern,2015-11-11,282.7033920940171,,0.09106196581196414
luzern,2015-12-29,227.82969417735043,,0.07276883012820203
luzern,2015-07-16,312.61520432692305,,0.07906009615384323
luzern,2015-07-12,278.1545806623932,,0.060959935897432864
luzern,2015-11-04,340.58543996000367,,0.36957369784565797
luzern,2015-11-22,183.85031383547008,,0.05656997863247572
luzern,2015-12-25,212.37242254273505,,0.053978365384613036
luzern,2015-06-12,316.69389269406395,,0.17147124714612094
luzern,2015-06-13,342.0346033105023,,0.09681406963469935
luzern,2015-03-10,1620.0077004219409,,0.1714574103375569
luzern,2015-12-01,477.1863247863248,,0.12069664797008507
luzern,2015-10-13,274.0893963675214,,0.09470940170940002
luzern,2015-12-23,312.20330528846154,,0.08201575854700578
luzern,2015-06-27,750.7676445578231,,0.09760161564625688
luzern,2015-03-23,395.8130872483221,,4.330292435682258
luzern,2015-04-05,493.24192176870747,,0.16129343820862424
luzern,2015-07-07,2837.6496159610406,,34.9387979644296
luzern,2015-08-31,324.65716479700853,,0.11568696581196644
luzern,2015-10-28,312.4944310897436,,0.2425428685897508
madrid,2016-12-16,601.4128364037257,,0.12340432327729176
luzern,2015-12-17,387.2619010009047,,0.7102716946450952
luzern,2015-03-11,1716.6395503691983,,0.2780565005274293
luzern,2015-05-18,328.14964805366594,,0.5695552721088559
luzern,2015-05-07,566.5291840095247,,0.6514732187864641
luzern,2015-09-24,367.9862847222222,,1.04430241720085
luzern,2015-05-30,542.655931122449,,0.08285756802720723
luzern,2015-03-30,1237.690625,,6.903093395691516
luzern,2015-11-29,205.48446848290598,,0.05851963141025335
luzern,2015-11-12,302.6338875534188,,0.1256819577991458
luzern,2015-10-25,302.5406850961538,,0.06447115384615089
luzern,2015-07-25,268.94937900641025,,0.08499385683760578
luzern,2015-07-04,302.5576176303855,,0.11591191893424177
luzern,2015-10-08,299.9031784188034,,0.13949245459401874
luzern,2015-02-19,2234.5872692510547,,12.861528085443002
luzern,2015-12-03,312.5336672008547,,0.09393629807692153
luzern,2015-12-28,240.67198851495726,,0.06783660523503988
luzern,2015-07-17,311.8262419871795,,0.719942307692314
luzern,2015-07-06,416.83341035120145,,5.687557980013802
madrid,2017-11-11,255.34719154589533,,0.03321775892040102
luzern,2015-09-27,193.52898637820513,,0.127333266559833
luzern,2015-12-27,200.67353766025641,,0.059279113247860137
luzern,2015-08-14,982.5366519764957,,6.706605546652367
luzern,2015-09-05,298.49704193376067,,0.10147309027777754
luzern,2015-04-04,581.7400581065759,,0.20152551020408452
luzern,2015-09-16,286.99657451923076,,0.1406335470085497
madrid,2017-11-04,209.30033006410284,,0.03191692235012571
luzern,2015-09-08,297.45341107430363,,0.29454435153523284
luzern,2015-10-16,315.2589676816239,,0.1294616720085488
luzern,2015-09-14,267.1006744123932,,0.16864289529914925
luzern,2015-05-14,476.4549744897959,,0.40422647392291966
luzern,2015-04-13,320.4958542393061,,0.3945314640795326
luzern,2015-02-28,2166.940901898734,,6.429906052215184
losangeles,2017-10-09,751.2814675930765,,0.046699183506031014
luzern,2015-09-29,309.6752203525641,,0.501467815170946
luzern,2015-07-20,280.0658653846154,,0.08557024572649394
luzern,2015-09-07,294.0520365918803,,0.18081824252137085
luzern,2015-12-26,207.64808360042736,,0.061430622329057064
luzern,2015-01-05,978.7461563818565,,6.51735251845984
luzern,2015-11-25,271.56238648504274,,0.08606583867521107
luzern,2015-11-06,347.96481036324786,,0.09189009081196431
luzern,2015-03-21,550.2851230425056,,0.21460018176734422
luzern,2015-04-14,303.42106009070295,,0.1824551445578276
luzern,2015-10-05,266.3362045940171,,0.1402399839743634
luzern,2015-07-30,302.65380608974357,,0.11909188034188149
luzern,2015-06-01,772.4140518707483,,4.216917800453474
luzern,2015-12-06,200.22220219017095,,0.06219471153845833
luzern,2015-01-07,1162.259421149789,,6.482373154008377
luzern,2015-11-27,305.53592414529913,,0.09828038194444313
luzern,2015-11-28,279.56253338675214,,0.10651923076923143
luzern,2015-11-19,374.4516359508547,,0.16814950587607377
madrid,2017-11-03,846.3559593888345,,0.1194561370609773
madrid,2017-11-05,345.3029350861984,,0.041646380820023046
luzern,2015-05-05,513.7825396825397,,0.1831797052154226
luzern,2015-06-03,533.1968704615998,,2.3364954295640197
luzern,2015-09-02,298.4626513532763,,0.41631830929487723
luzern,2015-12-11,356.81560274216525,,0.2259732683404613
luzern,2015-01-10,1270.3742176511955,,6.483003054676418
luzern,2015-12-19,319.09234107905985,,0.07624332264956882
luzern,2015-04-29,591.6721326190274,,0.23826339087465154
luzern,2015-08-03,287.9253939636752,,0.1002938701923087
luzern,2015-12-05,298.4561364850427,,0.16350356125356907
luzern,2015-01-14,1052.8395635548522,,10.279194026898683
luzern,2015-01-17,1525.231395042194,,12.928398536392342
luzern,2015-08-24,317.951702724359,,0.23404634081197173
luzern,2015-01-24,1589.7027030590718,,12.805898140822698
luzern,2015-11-26,276.63106303418806,,0.12009882478632677
luzern,2015-09-09,291.0694511217949,,0.09089716880341724
luzern,2015-07-02,345.8808106575964,,0.1546302437641759
luzern,2015-07-03,320.2750850340136,,0.14699546485261272
luzern,2015-04-26,583.9880952380952,,0.1097166241496604
luzern,2015-08-28,332.82936698717947,,0.1303551014957274
luzern,2015-06-10,327.0071989155251,,0.11544684646118568
luzern,2015-11-13,316.3206730769231,,0.14867487980769534
luzern,2015-05-15,541.8056878306878,,0.597661777210895
luzern,2015-08-10,548.6542200854701,,2.6505280448717854
luzern,2015-01-03,869.7216640295359,,6.547859968354312
luzern,2015-06-04,187.52933076484018,,0.0792583476027365
luzern,2015-04-24,336.30988992819346,,0.10624685846560804
luzern,2015-06-26,353.2281108276644,,0.16518499149659865
luzern,2015-12-09,288.9815170940171,,0.10437913995726447
luzern,2015-11-20,323.8434495192308,,0.09868002136752003
luzern,2015-12-24,298.11405582264956,,0.07788227831196352
luzern,2015-10-22,419.4724292200855,,0.09486271367521092
luzern,2015-06-15,307.21939925799086,,5.801809360730571
luzern,2015-02-26,2922.5162117616032,,12.81683478375524
luzern,2015-08-04,297.1418202457265,,0.07682017895298869
luzern,2015-10-15,362.6867982104701,,0.6140156494836313
luzern,2015-02-05,2391.2333135548524,,12.763414886603341
luzern,2015-09-15,277.13390090811964,,0.19150407318376575
madrid,2016-08-29,406.83867560995714,,0.07558064416418328
losangeles,2017-10-04,854.0769600047917,,0.06479377959376603
luzern,2015-07-08,3730.542486717912,,34.790037287057956
luzern,2015-10-19,426.8059881213353,,1.6624404284517562
luzern,2015-02-08,2169.9356540084386,,12.813723233122273
luzern,2015-11-30,408.8067107371795,,0.14451168536325218
luzern,2015-01-30,1596.9041864451476,,12.94634922204637
luzern,2015-03-12,1641.1100079113924,,0.16161682489451695
luzern,2015-01-26,1538.357865242616,,12.850028019514719
luzern,2015-04-15,338.4576601473923,,0.20420646730915099
luzern,2015-03-07,1567.5263976793249,,0.27248984704642054
luzern,2015-09-23,446.9224626068376,,0.4271171875000068
luzern,2015-06-09,304.851962043379,,0.11246889269406253
luzern,2015-08-08,304.7463408119658,,0.07102724358974022
luzern,2015-08-15,842.6901041666666,,6.5445266426281385
luzern,2015-02-04,1617.423200158228,,12.803862319796023
luzern,2015-05-11,351.21440990678144,,0.3704129577657861
luzern,2015-05-26,316.64090844671205,,0.18482766439909765
luzern,2015-02-17,2250.3873022151897,,13.013379746835364
luzern,2015-10-07,269.7195891203704,,0.08044290865384349
luzern,2015-09-12,269.740765224359,,0.07768803418803061
madrid,2017-10-29,542.0778616352201,,0.08163207547169815
luzern,2015-04-06,308.65508078231295,,0.16178819444444864
luzern,2015-06-18,309.6553004535147,,0.11862868480725702
luzern,2015-11-10,312.83004807692305,,0.0832441239316213
luzern,2015-07-18,278.0128004807692,,0.07337086004273129
luzern,2015-04-28,525.7112942543723,,0.41809943120082027
luzern,2015-11-16,304.6481971153846,,0.08013408119657842
luzern,2015-04-27,575.6674674036282,,0.19131072845805647
luzern,2015-02-11,2204.711016613924,,12.789318367616005
luzern,2015-07-15,291.83703258547007,,0.13751395566239444
luzern,2015-05-16,328.94266581632655,,0.2149295634920702
luzern,2015-12-31,210.15856036324786,,0.06353265224358697
luzern,2015-11-23,295.8128205128205,,0.07867508012820253
luzern,2015-08-29,323.45507478632476,,0.08354427083333091
luzern,2015-12-22,301.99710870726494,,0.08698891559828797
luzern,2015-08-16,835.0416132478632,,6.536910189636651
luzern,2015-03-09,1521.5777623945148,,0.15982067510548698
luzern,2015-01-02,807.1936049578059,,6.536355683016787
luzern,2015-03-02,2166.9385878164558,,6.615039293248947
luzern,2015-05-27,318.98626525492193,,0.5498018785464935
luzern,2015-04-11,312.2338222789116,,0.30029457199547416
luzern,2015-05-12,411.7053004535147,,0.33520238095238714
luzern,2015-08-26,318.08719951923075,,0.15665778579060094
luzern,2015-02-13,2162.2674050632913,,12.896753230485153
luzern,2015-08-07,298.6239716880342,,0.08517634882478455
luzern,2015-08-23,211.25345219017095,,0.06332231570512485
luzern,2015-04-18,322.5184878117914,,0.3168459467120245
luzern,2015-01-16,1827.8656843354431,,12.76141950158224
luzern,2015-10-21,307.6296875,,0.10017648237179445
madrid,2016-12-15,592.5145083766073,,0.11567843564540722
luzern,2015-08-17,943.8048344017094,,6.495943175747816
luzern,2015-01-12,1100.4618806484511,,6.6220836849877935
luzern,2015-10-10,270.82293002136754,,0.12155194978632594
luzern,2015-03-03,2261.4414491033754,,6.639815532700423
luzern,2015-06-11,328.8331977739726,,0.11418635844748727
luzern,2015-09-26,282.4481370192308,,0.17052837873932047
luzern,2015-07-11,295.7038795405983,,0.07729740918803157
luzern,2015-03-05,2209.041719409283,,6.505039491033755
luzern,2015-09-11,293.11031428062677,,0.11408001691595548
losangeles,2017-10-03,840.9196307416312,,0.06369464777912835
luzern,2015-11-08,245.0713074252137,,0.0681036992521329
luzern,2015-04-25,302.2674461451247,,0.18614767573696836
luzern,2015-04-12,205.36515731292516,,0.2911820436508035
luzern,2015-02-21,2954.1792853375528,,12.782354364451404
luzern,2015-10-09,302.4700053418803,,0.12128879540598346
luzern,2015-02-01,1435.5102122890296,,12.827342035864847
luzern,2015-04-10,295.80449971655327,,0.26721577380952966
luzern,2015-05-02,571.1278132086168,,0.1772860685941118
luzern,2015-12-20,223.94485844017095,,0.0660568910256376
luzern,2015-10-06,266.93151041666664,,0.33594551282052365
luzern,2015-03-15,1620.8127703059072,,0.05886570411392105
luzern,2015-03-13,1673.8023602320675,,0.20813943829114498
madrid,2017-11-07,545.3589187755371,,0.08226932395305867
luzern,2015-12-15,308.95775240384614,,0.1480482772435918
luzern,2015-03-28,999.5614087301587,,6.970257794784473
luzern,2015-05-17,197.78554421768706,,0.2399847647392361
luzern,2015-05-22,462.541367688628,,0.5239442884559159
luzern,2015-02-20,2413.7096914556964,,13.18592969848801
luzern,2015-06-28,371.2701884920635,,0.2977741638322144
luzern,2015-11-17,296.3632077991453,,0.09705775908119595
luzern,2015-09-19,307.3720285790598,,0.07545773237179135
luzern,2015-01-06,1236.178335970464,,6.42268314873411
luzern,2015-07-22,294.34295539529916,,0.08244190705127886
madrid,2017-11-08,564.712216675796,,0.08746664551441731
luzern,2015-03-14,1854.1070015822784,,0.15842029272152452
losangeles,2017-10-10,834.3425994425442,,0.06294452621078543
luzern,2015-08-18,997.5650574252137,,6.811225694444403
luzern,2015-05-20,1094.852750618343,,7.6606957261001885
luzern,2015-06-23,319.0297042801189,,0.13380304082625796
luzern,2015-03-25,1153.4060123042505,,6.990221126957405
luzern,2015-09-03,359.1046099096898,,0.6123916199807385
luzern,2015-03-26,1288.3270134228187,,6.862678481543548
luzern,2015-07-13,283.9689436431624,,0.09527871260683717
luzern,2015-06-07,243.153115796185,,0.6258048208363928
luzern,2015-11-14,270.35289797008545,,0.07807865918803045
madrid,2017-10-31,567.8297472533956,,0.07841916956558487
luzern,2015-02-09,2333.4384889240505,,12.798530195147631
luzern,2015-02-07,2187.3507713607596,,12.874214530590645
luzern,2015-11-18,356.98699919871797,,0.11707218215812046
luzern,2015-11-21,288.92512686965813,,0.0815938167735013
luzern,2015-12-12,344.51609909188033,,0.08237299679486795
luzern,2015-10-31,294.94596688034187,,0.12801489049145448
luzern,2015-02-24,2849.541372187061,,13.02300815312936
luzern,2015-07-27,240.0152844551282,,0.08039583333333124
luzern,2015-07-14,287.25310496794873,,0.0780816639957238
luzern,2015-12-02,320.3282785790598,,0.18110937500000318
luzern,2015-09-20,233.97960737179488,,0.0617850560897403
luzern,2015-05-09,334.71799178004534,,0.14866815476190726
luzern,2015-02-06,2356.4872428797466,,12.776877571202492
luzern,2015-05-03,445.05875141723357,,0.07838711734693643
luzern,2015-04-03,670.590554138322,,0.06431554705215096
luzern,2015-06-17,733.1344144118525,,5.697823079438629
luzern,2015-04-30,559.9482084942758,,0.16573805826428956
luzern,2015-06-08,322.52044204677367,,0.34454018477289444
luzern,2015-10-04,207.42591479700855,,0.07929533920939888
luzern,2015-03-01,2174.026799841772,,6.489112473628684
luzern,2015-01-01,816.6533953059072,,6.510535403480873
luzern,2015-01-15,1827.6950780312125,,12.997407985172043
luzern,2015-12-08,198.44853766025642,,0.05831537126068086
luzern,2015-12-21,255.58120993589745,,0.08898050213675035
luzern,2015-12-07,304.48448851495726,,0.1006547809829055
luzern,2015-07-09,2341.7390275076123,,20.681087967366942
luzern,2015-10-24,350.22940705128207,,0.07964469818375666
luzern,2015-08-27,376.305992974583,,0.5475224052036225
luzern,2015-10-02,236.25147569444445,,0.06508246527777477
luzern,2015-09-06,191.73104300213674,,0.0650144230769198
luzern,2015-07-31,303.27676949786326,,0.07803505608974073
luzern,2015-08-02,181.89395032051283,,0.06128712606837301
luzern,2015-08-22,295.9053418803419,,0.08981704059828811
luzern,2015-02-25,2808.0773140822785,,12.848178797468321
luzern,2015-02-18,2243.071767653458,,12.999179534515658
luzern,2015-10-20,310.89537927350426,,0.09832572115384551
luzern,2015-08-09,205.93689236111112,,0.10780702457264836
luzern,2015-01-31,1516.876700949367,,12.875998813291076
luzern,2015-05-31,405.3987103174603,,0.19112485827664866
madrid,2017-10-30,751.9974942380883,,0.10488541213197405
luzern,2015-01-13,1154.9096782700421,,6.972631790611746
luzern,2015-01-18,1463.2660864978902,,12.762682819092731
luzern,2015-02-23,2802.3159414556962,,12.830058544303764
luzern,2015-09-01,328.8333066239316,,0.2352626869658171
luzern,2015-07-19,183.1936030982906,,0.0595637019230739
luzern,2015-04-07,417.00321712018143,,0.12144869614512652
luzern,2015-02-22,2782.8310654008437,,12.876472441983035
luzern,2015-10-01,306.660844017094,,0.20149432425214142
luzern,2015-06-05,303.8235017123288,,0.09564868721460891
luzern,2015-08-25,324.618703258547,,0.267845753205134
luzern,2015-01-29,1561.4073817625492,,13.033029793463594
luzern,2015-06-21,198.66168509070295,,0.06292176870747998
madrid,2016-12-13,576.4622962516486,,0.10902062340298843
luzern,2015-04-22,577.1918993291761,,0.32625111016629565
luzern,2015-06-22,320.9073270975057,,0.13204109977324235
luzern,2015-12-18,378.08422821752066,,0.5955688724227207
luzern,2015-03-20,686.5214904921701,,0.1668303271812098
luzern,2015-03-16,1718.7319949894516,,0.12175441719409498
luzern,2015-10-17,289.3395877849003,,0.07773252759971148
luzern,2015-11-05,325.24497863247865,,0.17212025908119952
luzern,2015-01-27,1562.4129680907172,,12.830317444620208
madrid,2016-08-31,447.6634674826904,,0.08449511106989001
luzern,2015-07-01,335.86384637188206,,0.10147505668934088
luzern,2015-10-03,282.6979233440171,,0.08145038728632088
luzern,2015-10-11,203.92727697649573,,0.08330715811965626
luzern,2015-03-04,2200.335897943038,,6.434422468354424
luzern,2015-03-19,1100.1800762878704,,0.10286332440118065
luzern,2015-06-25,350.491262755102,,0.11782653061224452
luzern,2015-01-08,908.926582278481,,6.514635416666609
luzern,2015-10-12,293.13179754273506,,0.14614182692307998
luzern,2015-06-19,342.61669501133787,,0.08795316043083636
losangeles,2017-10-06,852.6250587008025,,0.06804489328413611
luzern,2015-08-12,956.6871928418803,,6.494503939636713
luzern,2015-04-21,432.5717120181406,,0.14188867630385818
luzern,2015-06-29,313.9535997732426,,0.1204849773242642
luzern,2015-05-04,495.8976119614513,,0.2527177579365122
luzern,2015-03-29,934.0133614315291,,7.0440234398105686
luzern,2015-08-06,351.470537304131,,0.9931756588319052
luzern,2015-01-19,1554.289003164557,,12.840346321202498
luzern,2015-10-23,337.0399439102564,,0.13633740651709497
luzern,2015-01-21,1556.9303533755274,,12.791745121307985
luzern,2015-12-13,231.64695512820512,,0.06957231570512447
luzern,2015-05-01,503.26150793650794,,0.2302320011337882
luzern,2015-01-11,1041.8479298523207,,6.482523536392297
luzern,2015-09-17,295.30053641381767,,0.23513833244302673
luzern,2015-08-20,983.0592681623932,,6.503200053418751
luzern,2015-07-28,293.1918774539918,,0.2823342904457997
luzern,2015-01-28,1514.4132120253164,,12.86598424314343
luzern,2015-07-29,279.96316773504276,,0.13485937500000325
luzern,2015-12-30,241.5051215277778,,0.07124192040597993
luzern,2015-03-18,1765.976502326568,,0.1458174804130862
luzern,2015-09-04,293.37090678418804,,0.7766221955128216
luzern,2015-08-21,819.5090277777778,,5.075245926816193
luzern,2015-07-05,274.2527156836341,,0.8317666709191706
luzern,2015-02-14,2124.2820806962027,,12.847760548523143
luzern,2015-05-23,485.98083191609976,,0.07977664399092603
luzern,2015-11-07,336.5666266025641,,0.1314936565170956
luzern,2015-10-14,312.48046828016624,,0.10127079797399197
luzern,2015-09-28,291.023344017094,,0.25648998397436523
madrid,2017-11-06,561.5315033123799,,0.0787602610874058
luzern,2015-09-30,299.6086204594017,,0.36153579059829655
luzern,2015-06-06,282.66393407534247,,0.08496825057077236
luzern,2015-07-10,368.1992652244137,,0.45132475716009124
luzern,2015-05-08,323.37217970521544,,0.18539073129252087
luzern,2015-04-09,314.1344671201814,,0.0818283021541925
madrid,2016-08-30,432.8364565302506,,0.08083639857401043
luzern,2015-04-20,369.8831420068027,,0.34665341553288564
luzern,2015-03-27,1195.6386255924172,,6.880277519182942
luzern,2015-06-24,329.24767573696147,,0.11194246031746047
madrid,2016-12-12,534.144085630976,,0.10019593069980133
luzern,2015-04-17,431.3871882086168,,0.12339122732426495
luzern,2015-02-12,2109.2367550105487,,14.450544897151778
luzern,2015-05-13,618.9976615646259,,0.11349071712018172
luzern,2015-03-17,1719.9058478375528,,0.09436530854430326
luzern,2015-02-16,2110.024795622363,,14.8295239978902
luzern,2015-09-21,406.2949170050581,,0.877681685011045
luzern,2015-01-20,1582.4397679324895,,12.824220464134976
luzern,2015-07-21,268.57946047008545,,0.13330401976496026
luzern,2015-05-28,435.0969742063492,,0.32662570861678525
luzern,2015-02-10,2185.1487869198313,,12.814804654535841
luzern,2015-02-15,2087.6777887658227,,12.993337289029443
madrid,2017-11-10,550.2886595514594,,0.07914289683930573
luzern,2015-12-10,312.6149172008547,,0.25260777243590427
luzern,2015-05-10,280.4092899659864,,0.28394075963719706
luzern,2015-12-14,400.10697607122984,,1.1555494045631576
luzern,2015-01-23,1584.5832300457103,,12.826567444620212
luzern,2015-08-13,945.2854166666667,,6.5650906784187555
losangeles,2017-10-02,860.3102568700897,,0.060129772114259974
luzern,2015-10-27,276.97124732905985,,0.09293469551281891
luzern,2015-01-09,913.6042589662447,,6.481838937236225
luzern,2015-05-19,341.0188846371882,,0.14790313208616934
luzern,2015-11-01,199.55928819444443,,0.08706383547008459
luzern,2015-05-29,654.1883432539682,,0.14335820578231445
luzern,2015-11-03,294.8480593607306,,0.09688862728310352
madrid,2017-11-09,345.7388230009457,,0.047427243065795224
luzern,2015-04-08,483.678337585034,,0.09521860827664325
luzern,2015-06-14,226.11653110730595,,0.08423886986301059
luzern,2015-03-06,2028.9009823312235,,2.7719183808016865
luzern,2015-08-11,932.3431068790983,,6.547439869656323
luzern,2015-09-10,278.5164596688034,,0.12429801014957194
luzern,2015-03-31,831.755846184431,,3.542171395302582
luzern,2015-02-03,1585.3318428827688,,12.888570486440825
luzern,2015-10-30,308.472983440171,,0.13370495014245184
luzern,2015-11-09,295.12894631410256,,0.08719885149572473
luzern,2015-12-04,319.77293669871796,,0.17724018429487456
luzern,2015-06-02,1005.5046201814059,,6.9312491496598305
luzern,2015-05-06,574.1356505102041,,0.2363668509070376
luzern,2015-09-13,197.93530982905983,,0.06366059027777443
luzern,2015-08-05,327.1966991631054,,0.200852964743597
luzern,2015-09-25,380.89641426282054,,0.617746527777787
luzern,2015-11-15,220.56970486111112,,0.08242601495726451
luzern,2015-04-02,497.2056393321806,,0.1783193360680001
luzern,2015-08-30,215.9061765491453,,0.0655733618233583
luzern,2015-01-04,825.850092299578,,6.512624077004099
luzern,2015-11-02,310.914410470234,,0.5297841093351989
luzern,2015-07-23,315.00367254273505,,0.14688287927350638
luzern,2015-03-24,1006.962961409396,,6.993974692393651
luzern,2015-04-16,343.8517431972789,,0.11837074829932089
luzern,2015-06-20,320.4845308956916,,0.09529598922902335
luzern,2015-09-22,567.4402644230769,,0.6225663728632553
luzern,2015-05-21,366.3609197845805,,0.3266359126984176
luzern,2015-06-30,368.47574404761906,,0.4296045209750654
luzern,2015-08-19,988.8656849650507,,7.482298383865332
luzern,2015-12-16,418.45809065920054,,1.3109229763131038
luzern,2015-10-18,191.22830528846154,,0.06632244925213393
madrid,2016-12-14,574.0880187726673,,0.11552088484999029
paris,2016-02-22,830.588374913375,,0.0545327240566038
paris,2016-12-01,1103.9008146639512,,0.06386247086247086
toronto,2017-01-02,178.18883993009086,,0.04017361139232144
paris,2016-08-23,847.5013628182053,,0.06159018632328559
marseille,2017-06-21,417.6834319526627,,0.06248382149901434
paris,2016-03-07,942.033737113402,,0.07976538161993785
taipeh,2017-09-27,540.704182263694,,0.04998873022238269
marseille,2017-06-23,431.76457100591716,,0.06934815335305757
paris,2016-02-04,1020.3426416093173,,0.08595098433105673
paris,2016-11-28,1012.515625,,0.08427946224256302
paris,2016-05-21,993.3551314890709,,0.07840494186046529
taipeh,2017-09-29,572.1575657012017,,0.05427388463420293
paris,2016-08-22,781.3809327846365,,0.05569428181108517
toronto,2016-09-23,303.4513570368715,,0.11731932211704701
paris,2016-01-09,1010.6056186594988,,0.06741110344147533
paris,2016-04-19,992.7576461512086,,0.0836920275781706
melbourne,2018-02-18,181.61162854478636,,
marseille,2017-06-16,428.49488412228794,,0.06818952539447773
paris,2016-01-07,1072.9578915453915,,0.07962288219070152
paris,2016-03-19,950.8617468072342,,0.07551039149347519
paris,2016-10-12,1074.019923769924,,0.08630035545023705
paris,2016-03-24,1064.1333077709612,,0.09817853009259261
paris,2016-08-16,719.8546277145813,,0.04909336465061661
paris,2016-07-17,764.7786256251079,,0.04884614632237879
taipeh,2017-09-24,440.58500673007785,,0.03378164831804217
toronto,2016-09-07,274.1663682697569,,0.10538321269741456
paris,2016-04-26,919.7596290650407,,0.07402614942528747
paris,2016-01-15,1148.7653759528757,,0.08257742316784882
paris,2016-05-17,1020.898805692021,,0.08355242942193215
speyer,2016-09-19,152.42789291882556,,0.13606486344991342
marseille,2017-06-29,414.248508382643,,0.06873954881656849
paris,2016-11-08,1015.7199325492908,,0.10224700029265452
paris,2016-08-01,824.2244052392408,,0.059785262298428316
paris,2016-09-11,884.7971618357489,,0.05691204795597488
paris,2016-04-15,1082.4803084526245,,0.08958516589506181
strasbourg,2017-05-19,304.8623101518785,,0.050822302143770225
toulouse,2008-06-20,424.54223544453185,,0.030499460908583756
manchester,2017-09-22,463.1242625714018,29.57187524470815,19.588050410790014
paris,2016-07-11,1021.5701942740284,,0.09036482558139548
paris,2016-10-14,1107.8716097308488,,0.10597329595750972
paris,2016-04-12,1018.6541411042945,,0.08860792824074079
strasbourg,2017-11-07,274.2086330935252,,0.038187067967247225
toronto,2017-01-26,283.51842037103063,,0.0868833291789252
melbourne,2018-02-14,226.29392328059694,,
melbourne,2018-02-15,224.37545347932354,,
paris,2016-09-24,977.9157004830919,,0.09040408805031466
paris,2016-03-01,900.0064604810999,,0.068498929127726
paris,2016-03-14,938.9187397496763,,0.06981934128225188
paris,2016-08-07,672.962037037037,,0.04176453942232636
paris,2016-03-22,1023.1047972051804,,0.09366975308641988
rotterdam,2017-10-06,284.8006532874955,36.84615790829272,Infinity
santander,2016-09-12,374.96744344215347,,0.07197615980701871
toronto,2017-01-19,283.65685124613265,,0.08410813994500749
manchester,2017-09-13,389.99072265625,31.46558019006857,14.953882992753638
manchester,2017-09-23,360.84749079189686,32.14510611713339,12.9086463064774
paris,2016-07-27,957.8937856125356,,0.09021067644661783
torino,2016-10-02,317.4728324109131,44.927147819563984,Infinity
paris,2016-03-04,996.1736340206186,,0.08719976635514036
paris,2016-02-10,1029.7590003465004,,0.08032183569182404
paris,2016-01-05,1004.9352304227303,,0.061199960598896874
paris,2016-09-19,1079.0903548916326,,0.08195189375307431
torino,2016-09-26,446.78372519193687,41.880111688685034,Infinity
paris,2016-02-01,869.704153382926,,0.07154181818181829
paris,2016-03-10,994.5189315352695,,0.10410441176470593
strasbourg,2017-05-21,195.00249800159872,,0.021861560751396076
toronto,2017-01-08,211.36703865588174,,0.05600742423722131
toulouse,2008-05-30,444.85410929714135,,0.03534527347961186
wolfsburg,2016-09-19,214.83864897920782,,0.07184915832836616
manchester,2017-09-15,372.97604529616723,31.981066205392068,14.604559530087611
paris,2016-10-24,1040.6412386443044,,0.08147637559808622
strasbourg,2017-11-09,280.0816346922462,,0.03919662637195316
toronto,2017-01-11,251.0647067529682,,0.07740682957137884
paris,2016-10-28,1143.9281811954104,,0.09289384555835122
paris,2016-07-15,893.4535441844519,,0.07068799452964745
paris,2016-07-22,1005.8874934725849,,0.08892478573539567
speyer,2016-09-20,151.97754749568222,,0.13484512143782384
marseille,2017-07-01,350.6568047337278,,0.04981479289940828
strasbourg,2017-10-31,324.77138289368503,,0.07716426883086268
taipeh,2017-09-28,534.1151688397725,,0.05077571500113414
toronto,2017-01-14,247.3836826710002,,0.0649196679293057
paris,2016-02-19,1065.2931912681909,,0.08130178852201264
speyer,2016-09-30,165.84542314335062,,0.14936567033678785
paris,2016-08-13,673.8261231138546,,0.04357045277127248
paris,2016-08-14,609.048969072165,,0.03938423212192265
stuttgart,2016-07-22,292.6097479423871,,0.06081345736168211
manchester,2017-09-09,345.8388671875,32.03200544177566,13.112357406112833
paris,2016-03-11,1027.9626450116007,,0.0959690817022106
torino,2016-10-12,466.2988302528123,41.50281801124303,Infinity
paris,2016-01-02,825.1074510831586,,0.05437659108989666
paris,2016-01-30,909.4659883720931,,0.07059558232931733
paris,2016-04-30,888.1645494579946,,0.06774377394636025
paris,2016-05-03,991.5623306233063,,0.08578189655172422
paris,2016-11-06,870.6348305954823,,0.06017931201550398
paris,2016-05-07,843.6915652467883,,0.06117144495412853
paris,2016-08-15,580.0547759638763,,0.03651435312622888
paris,2016-08-06,748.3474794238683,,0.04895784543325532
speyer,2016-09-24,130.41731433506044,,0.10741529846718482
zurich,2015-10-31,202.72595693779905,,0.08592634022969843
strasbourg,2017-05-10,499.5712619093912,,0.08734563152261136
utrecht,2017-06-12,123.02843956720169,,
wolfsburg,2016-09-25,96.58552631578948,,0.028256748120300344
paris,2016-02-27,898.7760769697492,,0.06191125541125551
manchester,2017-09-25,386.68868937998775,31.493063674014365,15.920988838600886
toronto,2016-09-15,288.57453053832256,,0.10463533634977432
paris,2016-11-30,1070.0953351296732,,0.10717461538461547
paris,2016-05-22,831.055830928535,,0.0558605871029837
paris,2016-11-21,1055.363888419273,,0.08119080592421625
melbourne,2018-02-12,202.04907398291272,,
toronto,2017-01-10,221.37035226892357,,0.05705718554367642
wolfsburg,2016-09-26,210.0701754385965,,0.0696358495196316
manchester,2017-09-28,404.1740331491713,31.349943465256164,18.132817470506822
manchester,2017-09-24,315.1174033149171,33.48889447027947,10.475970027264712
paris,2016-04-14,1076.9277010906612,,0.10325202546296308
santander,2016-06-17,501.93668122902324,,0.10189324927676513
rotterdam,2017-09-21,272.6522110015682,37.519482381936236,Infinity
paris,2016-02-21,818.16433711957,,0.0508934579439253
paris,2016-01-31,817.6874426403105,,0.05344567404426564
paris,2016-11-24,1092.2643242787246,,0.10693834701278876
toronto,2016-09-18,255.41051714216385,,0.07285297687903634
marseille,2017-06-07,426.9358727810651,,0.06402294008875768
marseille,2017-06-22,435.46155078895464,,0.0649404548816572
paris,2016-02-15,972.2423596673596,,0.07090615172955983
paris,2016-10-09,928.825878179616,,0.06585066218620293
paris,2016-07-28,997.0569979535547,,0.08748925990023429
paris,2016-06-30,1111.1743353783233,,0.10418817204301085
strasbourg,2017-11-05,98.72964786065884,,0.006598284580426362
santander,2016-08-08,380.5693906271,,0.07052269042976604
zurich,2015-10-28,222.24691402346718,,0.1192385299187736
paris,2016-02-12,1066.5735819601039,,0.09527164928163753
paris,2016-08-18,753.4590795483928,,0.05474811107840261
paris,2016-06-12,828.8876374570447,,0.05324871946414502
santander,2016-06-19,246.93023624879783,,0.054705465818696404
strasbourg,2017-11-01,186.08488209432463,,0.01731977112185561
melbourne,2018-02-24,210.5934954905712,,
paris,2016-10-08,1073.3757662090993,,0.08253899240855778
paris,2016-05-09,961.4021467207574,,0.07344218272171263
paris,2016-10-25,1101.6748039728177,,0.0867012074425971
paris,2016-11-29,1033.1006055508833,,0.09453527328419654
paris,2016-02-02,935.7432522903454,,0.07848403614457843
paris,2016-06-03,1001.2672309027781,,0.08116064375987367
torino,2016-10-08,408.960798495588,43.58265542094606,Infinity
paris,2016-08-20,718.2918038408778,,0.04991198282591737
strasbourg,2017-05-11,360.97224851697564,,0.059178221088457855
toronto,2017-01-05,254.8571956950334,,0.07156356148287527
wolfsburg,2016-09-28,217.30858395989975,,0.07184153456557987
paris,2016-05-08,750.6820233265721,,0.05106761276758415
toronto,2017-01-21,262.9587107665113,,0.07547462593911568
paris,2016-01-24,951.9183339112346,,0.05809365141955844
toulouse,2008-06-27,400.8164699711513,,0.029385727190602635
paris,2016-07-24,650.1628276826285,,0.04764623900365726
paris,2016-04-06,1032.438712751213,,0.09271422955974859
strasbourg,2017-05-20,250.82224220623502,,0.028063549160666904
paris,2016-10-30,932.5615075290897,,0.06570417633410683
taipeh,2017-09-21,542.5771337281606,,0.046623376577846286
toronto,2017-01-20,289.38285276400205,,0.08698592185573464
paris,2016-05-30,923.7492447386286,,0.08299413010007708
toronto,2016-09-04,259.0229578093455,,0.10409267449828777
paris,2016-06-15,1058.8322789115643,,0.09286808800623073
paris,2016-05-16,794.2921315077755,,0.053917385057471366
stuttgart,2016-03-23,273.91975621087664,,0.0596927939162749
toronto,2017-01-17,253.9781877130277,,0.0707750624662855
toronto,2016-09-02,294.50718811210027,,0.10856928531372242
toronto,2016-09-16,297.5095353980687,,0.1199091034384904
toronto,2017-01-23,263.53594273323546,,0.07469436834469827
marseille,2017-06-14,420.03403599605525,,0.06759665680473402
paris,2016-04-09,967.7615286298569,,0.07663040123456805
paris,2016-09-27,1126.3011818495515,,0.09842030267295612
paris,2016-04-23,875.0448148148148,,0.06617579908675812
paris,2016-01-18,1021.0793052668055,,0.06703182893180933
paris,2016-06-11,938.1776327091567,,0.0641714595233406
paris,2016-07-02,831.6210804362644,,0.08204800307219687
speyer,2016-09-28,153.4378238341969,,0.1359804064119172
strasbourg,2017-05-15,349.1240004105665,,0.05890543431749563
torino,2016-09-29,460.1707190956476,42.00109213505848,Infinity
marseille,2017-06-13,434.3762697238659,,0.06533557569033546
paris,2016-08-03,849.2873422222222,,0.06532949449653493
paris,2016-04-03,789.7055613305613,,0.05192703419811323
paris,2016-07-13,1030.8501704158145,,0.09197546604848839
paris,2016-09-23,1121.8688243466179,,0.10054167904167916
strasbourg,2017-05-12,277.5335131894487,,0.04812622368692752
marseille,2017-06-09,447.5443663708087,,0.0743864262820513
marseille,2017-06-11,348.71579142011836,,0.04450003698224868
taipeh,2017-09-23,507.8568011229184,,0.04286577738786225
paris,2016-11-25,1147.4197664650537,,0.10832761250953471
paris,2016-06-09,1115.6506944444445,,0.10339523524720906
paris,2016-02-17,1033.686870820134,,0.08310000000000002
toronto,2016-09-21,288.7125453749466,,0.10221449199894893
marseille,2017-06-27,411.75445019723867,,0.0653988584812627
paris,2016-06-01,1031.3382391134965,,0.10333063321149864
paris,2016-08-04,857.2968886941278,,0.06444856914148497
paris,2016-10-16,981.6294300518134,,0.06498759720444931
toronto,2017-01-09,242.101600251997,,0.06080318416956038
toronto,2017-01-28,269.685689381124,,0.08714205573976425
toulouse,2008-05-16,447.38356936795174,,0.03698183480490234
manchester,2017-11-14,415.2045349907919,30.456152600854903,19.898491863896187
paris,2016-11-15,1065.4932445208422,,0.09339834951456326
paris,2016-06-07,1013.6848437500001,,0.08627565372424735
paris,2016-07-18,966.1097425673921,,0.08298198198198208
melbourne,2018-02-16,235.41722637974294,,
paris,2016-09-15,1120.686497453164,,0.114226763056949
paris,2016-09-07,1047.9974808895067,,0.10184607765451674
paris,2016-11-04,1062.0336934156378,,0.09988415697674412
strasbourg,2017-05-16,284.9783173461231,,0.04862489489093256
melbourne,2018-02-13,215.33238530705114,,
manchester,2017-09-29,433.3677486187845,30.948859734322312,19.021209886785588
paris,2016-09-12,1050.4130521048999,,0.07611281446540892
strasbourg,2017-11-11,99.18314563009278,,0.006737898284313729
toronto,2016-09-27,283.5302342446136,,0.09866863187596908
manchester,2017-09-11,367.0810546875,31.948812692418098,14.409447569542584
paris,2016-11-13,849.4642684610077,,0.05763670357420364
paris,2016-11-01,930.0794404517454,,0.057301914153132315
toronto,2016-09-14,290.43026013718605,,0.12481275875604393
marseille,2017-06-10,385.4462647928994,,0.05292089497041435
paris,2016-05-20,1094.191665248468,,0.09511394787644792
paris,2016-08-05,851.9108810078523,,0.058314459844686986
paris,2016-09-10,979.6688923395444,,0.07379785770440266
taipeh,2017-09-18,476.5736304653403,,0.042354424933930906
toronto,2017-01-07,239.72340385080625,,0.06727956296807411
wolfsburg,2016-09-23,214.05545112781954,,0.0699505691311604
munich,2017-02-14,225.61639716121542,,0.09581296491118457
paris,2016-07-12,1034.0826601908655,,0.09477218593930092
paris,2016-08-29,915.4811427590943,,0.06674206815511174
paris,2016-03-31,1011.3182770961146,,0.08534862075617292
santander,2016-12-01,411.13790014208206,,0.08273165078646673
paris,2016-08-24,878.3296289949445,,0.06482340321794262
paris,2016-07-30,836.2668088130775,,0.058337296747967525
paris,2016-05-27,1082.2932111337407,,0.09124730872741259
melbourne,2018-02-21,222.2812828141407,,
paris,2016-02-23,917.8192047817047,,0.06977044025157243
paris,2016-03-08,1008.9447486225898,,0.09072775175644046
paris,2016-06-13,961.0710510612909,,0.07744127696963793
speyer,2016-09-22,152.44034424305647,,0.13769259448416762
strasbourg,2017-11-10,299.7023381294964,,0.04658398539251786
toronto,2016-09-19,267.6285812749172,,0.09428413707498824
paris,2016-05-18,1051.2682620502376,,0.09107727097767528
paris,2016-05-15,796.2138776200135,,0.05339607279693498
toronto,2017-01-04,238.7059437791437,,0.06426031533822077
paris,2016-05-23,937.2888907762866,,0.07793488730495099
paris,2016-05-26,1075.5322216564834,,0.08432823325635114
paris,2016-11-26,1087.5804855510753,,0.0951344393592678
manchester,2017-09-20,648.0662983425415,25.138121546961326,45.5841111242239
paris,2016-07-25,914.911470382054,,0.07750183404381891
utrecht,2017-06-13,139.3140227118076,,
utrecht,2017-06-15,129.80631293979206,,
paris,2016-06-29,1120.5966324786325,,0.10809696239151409
paris,2016-06-21,1037.6501357773252,,0.09569638415917366
santander,2016-09-13,375.78120311157085,,0.07889645574942894
paris,2016-07-20,992.3099685204614,,0.09763215663008025
paris,2016-11-02,1069.5734996570645,,0.09285523255813966
paris,2016-10-04,1138.1809166235112,,0.1019264503441496
zurich,2015-10-29,224.0634768740032,,0.11807555496689869
paris,2016-08-09,755.1204989711935,,0.05050019516003126
paris,2016-03-13,829.2709827707455,,0.06172961416070015
toronto,2016-09-22,293.4943005041586,,0.10060510012820958
strasbourg,2017-05-14,185.9052757793765,,0.020123450736166833
torino,2016-10-13,466.12682454572536,40.892205996177125,Infinity
paris,2016-03-06,822.4374570446736,,0.06199299065420571
paris,2016-01-19,1068.3067683508104,,0.08125643300798596
paris,2016-03-05,918.0851804123712,,0.07173588395638646
paris,2016-04-01,1090.1374233128834,,0.09039631558641985
marseille,2017-06-04,320.5583456607495,,0.042182905571992356
paris,2016-01-29,1027.620842142354,,0.07756967871485951
paris,2016-05-11,1022.5274594320487,,0.09332909160232603
paris,2016-10-18,1124.6336180124224,,0.0994325864779875
paris,2016-07-01,1106.660420927062,,0.09395804531490022
paris,2016-09-22,1186.3498953974895,,0.1040208830548927
paris,2016-10-20,1115.4215645552092,,0.12014082840236685
paris,2016-06-22,1101.7195293917773,,0.107602659778033
torino,2016-10-15,409.1161438779218,44.091343976084055,Infinity
paris,2016-04-21,1018.2782077393077,,0.08518049155145942
paris,2016-03-17,1048.0247784594408,,0.09317597415123463
speyer,2016-10-01,135.9710708117444,,0.11506463838514681
torino,2016-09-27,447.0207430560489,41.714962320333385,Infinity
paris,2016-07-09,959.2608980913429,,0.07106317829457372
taipeh,2017-09-22,568.9867626714212,,0.0517381035530995
torino,2016-10-06,469.6119767504504,41.219092182907616,Infinity
manchester,2017-11-17,437.3013735420503,30.379748784713946,19.606374467671753
toronto,2017-01-01,217.97364329272773,,0.05712917648454392
toronto,2016-09-20,279.39721699075557,,0.0999660806566506
paris,2016-02-11,1070.9488039521582,,0.0867098328416913
paris,2016-02-18,1045.9381583506586,,0.08563944575471713
paris,2016-11-16,1141.5599171789618,,0.09505277912131477
strasbourg,2017-05-13,330.7372563487671,,0.04880908041073693
torino,2016-10-07,485.3074978325583,41.43587045913385,Infinity
paris,2016-08-11,763.2229595336075,,0.05084416471506641
paris,2016-02-14,834.3669958419958,,0.06799351415094357
paris,2016-06-08,1071.5991145833334,,0.09393170051772214
paris,2016-03-23,1032.4046693933196,,0.09717428626543219
toronto,2016-09-08,290.39281151634935,,0.11345492304523512
paris,2016-06-25,985.2615721649486,,0.07326981589147297
paris,2016-09-18,974.4900051921078,,0.06444891518737679
zurich,2015-10-26,205.77084283188955,,0.09751077844314864
paris,2016-08-31,1012.2160123966943,,0.08027024509803932
santander,2016-11-30,495.79568060351374,,0.09691826059490892
manchester,2017-10-01,352.627336055729,32.803370926915896,12.926826940333756
paris,2016-07-06,1081.7745973583299,,0.0984558126028459
paris,2016-07-08,1116.7545756646218,,0.09355242248062026
toronto,2016-09-17,282.02270752970526,,0.07580580162254305
wolfsburg,2016-09-22,222.90517673602406,,0.07415926575983525
paris,2016-01-16,1027.7606981981985,,0.06801260835303398
santander,2016-08-09,398.814865452347,,0.08492246317614066
toronto,2017-01-31,270.4548301056384,,0.07730863241105748
paris,2016-06-19,873.7442510822513,,0.05659775546367403
marseille,2017-06-18,335.3679487179487,,0.04579881656804763
paris,2016-06-17,1089.0102766463,,0.0989156142365099
paris,2016-04-16,966.5606595092025,,0.07550858410493837
toronto,2017-01-25,272.418104806491,,0.0985830915481696
manchester,2017-09-17,319.7520718232044,33.21466410484076,10.945424423624326
paris,2016-09-28,1143.4626380262252,,0.10772643271404705
manchester,2017-09-10,302.26611328125,33.327234816688,10.342510116929457
paris,2016-05-31,959.4589415279556,,0.10617273875449341
paris,2016-03-25,1045.05127899045,,0.09448484555984568
paris,2016-09-01,1014.9309712416049,,0.08239594978915381
paris,2016-10-26,1079.1697414755647,,0.1003906494522693
toronto,2016-09-24,293.2189955669401,,0.10636753277123295
manchester,2017-09-27,412.12262124002456,30.610734600789993,18.850756302176453
paris,2016-09-29,1179.8201086956522,,0.11474697729283408
paris,2016-10-07,1141.06633235345,,0.10924935808809014
speyer,2016-10-02,98.88277202072538,,0.07802851414075992
manchester,2017-11-18,253.96677907727633,34.15274242003191,8.55080834550781
paris,2016-02-29,862.565566119274,,0.06395481278180762
paris,2016-04-02,941.9675102599177,,0.07244476181254851
paris,2016-07-10,835.938122017723,,0.053592877906976776
paris,2016-05-25,1046.536091310251,,0.08151818706697471
paris,2016-10-13,1096.9622690381627,,0.10908105449537678
speyer,2016-09-26,150.03821243523316,,0.13306921632124358
torino,2016-10-04,453.01302626156445,41.24552254242045,Infinity
torino,2016-10-01,391.3184695522179,43.62308416645254,Infinity
rotterdam,2017-10-31,261.06661552540913,36.06164506638273,Infinity
paris,2016-01-21,1091.0066403126941,,0.09008973453113965
toulouse,2008-06-06,430.2936844348282,,0.03272754757117007
marseille,2017-06-28,409.34400887573963,,0.06928430843195313
paris,2016-02-07,841.5399489076815,,0.05587119391025643
paris,2016-05-04,1031.8245453776537,,0.09416174079387853
paris,2016-05-28,957.6637813985066,,0.07158198614318721
paris,2016-03-03,988.1446391752576,,0.08381717289719637
toronto,2017-01-16,255.42464257405024,,0.07325668327519566
marseille,2017-06-05,324.17387820512823,,0.040808042406311834
paris,2016-03-30,1011.0346710974777,,0.0899303626543212
paris,2016-09-04,807.0397727272729,,0.056030196078431446
stuttgart,2016-07-20,278.1460097446237,,0.06348381496415713
taipeh,2017-09-30,575.3596600561547,,0.05236321938446418
toulouse,2008-06-13,429.55129819040127,,0.03491364520499584
manchester,2017-09-26,411.3186387354205,30.886903405687054,19.868095708559334
paris,2016-01-01,803.0947760516036,,0.05007066060167479
marseille,2017-06-15,424.2436020710059,,0.06827695636094706
paris,2016-08-12,750.4875,,0.048532494145199064
strasbourg,2017-10-29,169.7874381345986,,0.015096738763095634
toronto,2016-09-30,298.9168315536423,,0.10214068807575766
paris,2016-05-06,908.6442951318459,,0.07170618310397563
toronto,2017-01-15,216.42058179446943,,0.052980826924009794
paris,2016-11-11,947.0121469917557,,0.07251720035689514
toronto,2016-09-11,262.355147962494,,0.0911499018888478
melbourne,2018-02-22,224.5988361918096,,
paris,2016-04-10,883.5928510565782,,0.06509307484567912
paris,2016-10-10,1020.7844446371282,,0.08438264143465778
paris,2016-01-08,1129.0321032571032,,0.07551369188337279
paris,2016-10-23,920.8521313766598,,0.06701186204146743
paris,2016-08-08,732.108359053498,,0.04688797814207652
paris,2016-01-10,918.2394485038272,,0.053123911322248675
paris,2016-11-05,999.7961034512289,,0.08482306201550398
paris,2016-03-20,852.4192284663416,,0.06070000000000008
strasbourg,2017-05-17,290.3762989608313,,0.045593122600415203
paris,2016-11-19,1047.965693986298,,0.08532322064913819
paris,2016-11-12,924.3699534161491,,0.0742002719502721
wolfsburg,2016-10-01,124.00751879699249,,0.03698268170426009
paris,2016-08-25,892.7638818712431,,0.06640272682201298
paris,2016-10-05,1163.5568239075667,,0.10394496231654114
paris,2016-11-18,1151.1972067510546,,0.10436247355260625
paris,2016-10-19,1111.8025017253278,,0.10549105738993718
paris,2016-02-28,791.7944618055554,,0.049304078014184426
paris,2016-10-31,984.2803388090349,,0.07256873549884
paris,2016-09-03,933.7132965897347,,0.06884032954099657
paris,2016-03-09,968.2220820734341,,0.08139619868717557
paris,2016-09-06,999.4799827437446,,0.0931520542559467
santander,2016-12-02,305.82940940832475,,0.061785502859446756
toronto,2017-01-29,249.0606183083109,,0.0703209245541226
santander,2016-06-20,152.3643004465194,,0.034000441700390516
manchester,2017-11-15,415.7629680785758,30.629738354298365,21.248034609503385
toronto,2016-09-09,306.572800989093,,0.11794347206923159
manchester,2017-09-16,370.25274285968106,31.728101445859373,13.437949903274129
wolfsburg,2016-09-20,233.91267454100907,,0.08270723621685312
marseille,2017-06-25,341.35383382643,,0.04658539694280115
paris,2016-01-03,812.8762665967853,,0.0435800019888624
toronto,2016-09-28,297.98050592435,,0.10681328544149225
paris,2016-08-26,929.7445672827777,,0.06432356118640745
taipeh,2017-10-01,425.3824074451015,,0.03510062448779251
strasbourg,2017-05-18,283.7172262190248,,0.04667475936855999
paris,2016-01-22,1143.6164439330914,,0.09068632384019334
toronto,2016-09-05,231.71603992328397,,0.07201278720207835
paris,2016-10-29,1041.3333761122517,,0.07645504640371242
paris,2016-06-05,799.1915080399825,,0.055149284862932156
paris,2016-06-10,1124.8422374826148,,0.088514733792828
paris,2016-06-14,1021.9023530411146,,0.08949484636328292
paris,2016-08-21,655.0183984910838,,0.04240642076502737
paris,2016-07-07,1096.6144512610772,,0.10012572310065566
paris,2016-04-27,965.115785907859,,0.08121044061302694
toronto,2017-01-13,281.96795857531987,,0.08215185236670744
toronto,2016-09-10,275.7929182638751,,0.1023436225605333
paris,2016-10-06,1123.5060910192074,,0.11175829711576458
paris,2016-05-29,839.5834691106585,,0.05912331601231726
melbourne,2018-02-19,207.7783475783476,,
manchester,2017-09-18,329.4475138121547,32.84518793565872,12.172583417760803
paris,2016-09-05,959.4640237603309,,0.08745480392156874
marseille,2017-06-30,430.7244082840237,,0.06778790927021756
paris,2016-03-21,963.9707140422632,,0.07602052346919079
stuttgart,2016-07-18,269.6672789115647,,0.05759452947845745
manchester,2017-09-14,382.7166341145833,30.696392592174927,14.765922542283233
paris,2016-04-18,938.063974096796,,0.07705565200617293
manchester,2017-09-30,400.09960098219767,31.53489212988831,16.570200090234916
marseille,2017-06-02,441.31167406311636,,0.06679297337278112
paris,2016-06-27,974.8914862542956,,0.08268972868217071
stuttgart,2016-03-21,262.37373092722993,,0.049915065043035396
zurich,2015-11-01,169.18094098883572,,0.06384627310608733
paris,2016-10-21,1173.5344339622643,,0.10553342326139105
paris,2016-05-12,1046.8071598639456,,0.09780193932411686
toronto,2017-01-27,298.84692769883645,,0.09070345454539848
paris,2016-09-25,756.1138285024155,,0.039891214622641565
paris,2016-04-11,959.3327027948193,,0.07978018904320996
paris,2016-06-18,974.0675146098314,,0.07267942210074205
paris,2016-07-29,970.7269989339019,,0.07789349593495945
paris,2016-03-26,898.7946954140998,,0.07039985465116289
paris,2016-02-03,985.4839852008456,,0.08558895582329328
paris,2016-09-21,1157.318662831241,,0.09897543754972155
zurich,2015-10-27,214.79126756066412,,0.1076067420818478
manchester,2017-09-08,528.0115489130435,28.244566198957884,20.290079545075038
paris,2016-11-23,1114.677993719766,,0.09714304851210423
taipeh,2017-09-25,537.1186026231194,,0.04548430015547907
torino,2016-10-16,327.89264472322066,45.85424511159264,Infinity
toronto,2016-09-03,265.89524160990135,,0.09791303432100554
marseille,2017-06-26,399.2894107495069,,0.06076237056213046
paris,2016-02-16,1006.9456144957983,,0.08494410246227177
paris,2016-11-20,952.0677252710027,,0.06620013503086428
marseille,2017-06-08,436.4614398422091,,0.06668990754437887
paris,2016-08-10,757.873105281207,,0.04980444964871197
paris,2016-10-17,1104.7093501555478,,0.08516615748497104
strasbourg,2017-11-08,279.41961430855315,,0.04037408722211549
strasbourg,2017-11-03,286.268543152349,,0.04013509634550933
paris,2016-07-21,1008.0840715650512,,0.10083013199369596
strasbourg,2017-10-30,259.6174223411968,,0.03507438003062982
marseille,2017-06-06,426.8855399408284,,0.0649357458086786
paris,2016-11-03,1072.1254993112946,,0.09484915303738327
paris,2016-05-05,857.2316599053416,,0.06289831804281357
paris,2016-04-25,860.7225460381821,,0.06646628462273171
rotterdam,2017-10-30,258.7107200223479,37.55790683577106,Infinity
taipeh,2017-09-26,515.399944432488,,0.045490385434181484
marseille,2017-06-12,423.14704142011834,,0.060670265039447835
paris,2016-06-28,1040.5372766323023,,0.08620741171905323
torino,2016-10-10,456.1823480741445,41.72040726996552,Infinity
torino,2016-10-03,441.5483228753755,41.679389782604815,Infinity
torino,2016-10-11,467.46751727280565,40.60171510031155,Infinity
melbourne,2018-02-20,216.76911450632497,,
paris,2016-11-22,1086.513526529233,,0.09392739463601543
paris,2016-05-01,786.2176575203251,,0.05235028735632192
paris,2016-01-14,1119.1972106722105,,0.08648355003940118
paris,2016-09-30,1195.3133200966847,,0.1136138867033832
paris,2016-04-04,955.5847136488342,,0.07398183760683773
wolfsburg,2016-09-24,126.99937343358395,,0.03749349154135283
marseille,2017-06-01,428.805215500735,,0.06223277908858466
paris,2016-10-11,1022.1973101539523,,0.08619514601420686
paris,2016-08-27,799.7559061210453,,0.05290554032889593
paris,2016-04-17,830.0574130879346,,0.06316743827160505
paris,2016-09-14,1151.229875303083,,0.10236448874851962
paris,2016-06-23,1093.0646615252786,,0.09703710144927545
rotterdam,2017-11-02,248.25350765718224,35.19168395132591,Infinity
torino,2016-10-09,319.12667251722104,45.55468968419027,Infinity
wolfsburg,2016-09-30,218.4874686716792,,0.07205263053466915
paris,2016-03-18,1085.5103186775732,,0.09082658179012358
paris,2016-04-22,1005.3811658249155,,0.0822285007610351
speyer,2016-09-21,152.2614421416235,,0.13599888115284955
toulouse,2008-05-23,444.0185074088644,,0.035107199055856624
wolfsburg,2016-09-29,223.30419799498748,,0.07378834638679951
paris,2016-01-27,981.3163548163546,,0.0694588258471238
toronto,2016-09-13,284.23034250069566,,0.10749865225948603
paris,2016-10-02,985.0655485674356,,0.07918889221855974
marseille,2017-06-17,365.74541420118345,,0.05317822238658809
paris,2016-01-28,988.7438111888112,,0.08459479498407656
paris,2016-04-28,977.1486534552845,,0.07611599616858244
paris,2016-04-29,1004.2703844850948,,0.07672758620689665
manchester,2017-11-16,425.57353513345265,30.35807594363708,19.840234024204918
paris,2016-04-08,1095.9634641873279,,0.09140007806401254
paris,2016-06-24,1137.4072358775334,,0.10296243309002441
paris,2016-09-13,1100.1136481353592,,0.09226652242328891
utrecht,2017-06-14,123.95298613911034,,
wolfsburg,2016-10-02,107.56109022556392,,0.03835538690476116
paris,2016-03-27,762.7671115674198,,0.05714244186046521
paris,2016-11-10,1062.736218836565,,0.11137119586422167
paris,2016-01-13,1096.4046604296607,,0.0771297281323878
toronto,2017-01-30,253.68075731125006,,0.07002567546858778
toronto,2016-09-12,279.0335630696038,,0.10158723093862763
paris,2016-11-17,1152.385511556764,,0.10540612952968395
paris,2016-01-25,1051.3018626512317,,0.07804263642666152
paris,2016-01-23,1066.320504158004,,0.07687214342001585
paris,2016-02-05,1043.2330714916152,,0.07740278056615138
speyer,2016-09-29,156.03411053540586,,0.13967883581606208
paris,2016-01-26,949.7172809457578,,0.057002867879746906
stuttgart,2016-03-22,269.9408817488269,,0.05495247701486633
paris,2016-04-24,761.8402946127949,,0.05179956240487067
paris,2016-02-08,919.1643693221527,,0.06677400793650802
strasbourg,2017-11-02,270.3109512390088,,0.03674385308104334
torino,2016-10-05,458.89863059854156,41.35691992972488,Infinity
paris,2016-10-15,1046.7081349206355,,0.08751994889937123
paris,2016-01-06,1045.3566961191962,,0.06686840031520892
paris,2016-07-14,644.9125735733173,,0.045159135559921425
toronto,2017-01-24,270.30128855287177,,0.08522743734745764
toronto,2017-01-12,262.8638975079224,,0.08504167114249549
marseille,2017-06-03,372.4095660749507,,0.05123603427021708
paris,2016-07-05,1010.3057313432835,,0.0935454633297904
paris,2016-08-17,760.24518175583,,0.05091959406713512
paris,2016-05-24,1018.479293957909,,0.08090280985373376
paris,2016-04-07,1077.5817740817745,,0.09628213443396232
toronto,2017-01-03,220.12832582948317,,0.054597820907270236
paris,2016-01-17,908.7275207900208,,0.050827127659574534
paris,2016-09-02,1051.7712465564737,,0.09062735294117663
paris,2016-03-15,997.7309304703476,,0.08353064967660981
toronto,2016-09-26,267.5565356035121,,0.08498023794029241
paris,2016-07-03,859.380003410932,,0.06097828384741052
paris,2016-11-07,951.5432873166523,,0.08455250364608667
paris,2016-04-20,995.6364928909952,,0.08677124808575812
paris,2016-09-08,1084.8717237206083,,0.10281343577620183
torino,2016-09-28,455.74060653660104,41.74502111037726,Infinity
melbourne,2018-02-23,233.91493782740406,,
paris,2016-07-04,1018.0598328500765,,0.09036478954449363
vilnius,2015-03-17,239.2612758833864,,0.07778823581899497
paris,2016-11-27,972.075277217742,,0.07440427154843648
paris,2016-05-14,912.3686105476673,,0.06658716475095791
toronto,2016-09-01,306.04709282642324,,0.11456690592076578
toronto,2016-09-25,260.2843348221485,,0.10079021120708354
paris,2016-11-09,1038.5353002070394,,0.10406419968919972
paris,2016-04-05,1011.3505544005546,,0.0833945558176102
paris,2016-09-20,1129.908065772393,,0.09347775914784504
speyer,2016-09-27,154.01986183074266,,0.13732274341537143
speyer,2016-09-23,158.69866759271798,,0.1405466771190488
speyer,2016-09-25,91.59045768566494,,0.07291613827720221
paris,2016-06-16,1078.087813163482,,0.10274187011483171
strasbourg,2017-11-06,266.3314348521183,,0.03661865392394282
manchester,2017-09-12,384.4772135416667,31.324464816310517,16.364072892579355
stuttgart,2016-07-21,290.70760108646965,,0.06923944332437208
zurich,2015-10-30,230.33628389154705,,0.11487004704014865
paris,2016-09-16,1155.8739475500345,,0.10820076650943397
paris,2016-06-02,975.1225121359224,,0.1087107649842271
toronto,2016-09-29,296.0109893128614,,0.10839209251544348
paris,2016-02-09,970.2688106796116,,0.07648928009441391
paris,2016-08-02,815.1283045977012,,0.0623400205761318
paris,2016-05-02,945.1738905826559,,0.07210603448275875
toronto,2017-01-22,232.83394184216763,,0.060688040862740426
melbourne,2018-02-17,197.287130234345,,
marseille,2017-06-24,362.5880424063116,,0.051724907544379
paris,2016-02-26,987.008931046431,,0.07408345635272134
paris,2016-02-24,967.1699861327787,,0.07421160275319577
paris,2016-08-19,760.7832013919094,,0.05369272529858856
paris,2016-02-13,959.6440142065142,,0.07579716981132086
torino,2016-10-14,470.5611884677056,41.147586070742705,Infinity
paris,2016-02-20,934.794860906491,,0.06519594926752542
paris,2016-10-01,1098.9012920568853,,0.09488424278370913
paris,2016-07-19,999.237364542696,,0.09016083676268874
torino,2016-09-30,475.3272032453407,41.75298911047093,Infinity
toronto,2017-01-18,266.71597595100144,,0.08110943820215465
paris,2016-09-09,1061.2472755578622,,0.10059865957027406
marseille,2017-06-20,400.8007026627219,,0.0616183062130184
paris,2016-03-29,977.4492826643896,,0.0815152775091859
paris,2016-07-23,872.2113778705636,,0.07459789349345416
paris,2016-06-20,993.591369653768,,0.08393603534383406
paris,2016-01-04,933.9048331015298,,0.050170490506329164
paris,2016-06-04,897.0368576388888,,0.06981325420375878
stuttgart,2016-07-19,274.90010500672037,,0.07253185203852992
melbourne,2018-02-25,183.85309779207518,,
paris,2016-08-30,977.0501377410467,,0.0799402765519271
paris,2016-01-20,1082.7019917882412,,0.08173793445878864
paris,2016-02-06,945.0940627202256,,0.06976231971153854
paris,2016-06-06,911.3046257796258,,0.0725842985842987
melbourne,2018-02-26,202.79504844389038,,
paris,2016-03-02,944.8033333333331,,0.07641248052959511
paris,2016-07-16,797.3906422176307,,0.06167282863849772
paris,2016-10-22,1066.6931007345227,,0.08407447447447464
santander,2016-06-18,313.7106099657245,,0.0672958294955033
paris,2016-02-25,993.6900130039011,,0.07555808006294881
toronto,2017-01-06,261.79361080385587,,0.07444056872630382
wolfsburg,2016-09-27,216.35369674185463,,0.07085303205931417
paris,2016-09-26,1053.9571169772257,,0.07932119693396235
paris,2016-03-16,1022.5980998636676,,0.08646932870370384
rotterdam,2017-11-01,234.07422331544421,36.2758259126613,Infinity
paris,2016-11-14,994.8731629392969,,0.0827863048341602
paris,2016-07-31,739.6383528784648,,0.048120579268292725
paris,2016-05-19,1049.7079429735236,,0.09881283679753666
paris,2016-05-10,977.4581051386074,,0.09895317278287472
paris,2016-01-11,1007.0832754730081,,0.06313958538993099
paris,2016-04-13,1049.5697852760734,,0.08997858796296301
taipeh,2017-09-19,502.3798783141079,,0.04398715015183308
paris,2016-10-27,1207.964101510326,,0.11146783077463959
paris,2016-03-28,708.2747176591375,,0.049247577519379915
paris,2016-09-17,1030.7634338025737,,0.0835251402145037
manchester,2017-11-13,534.5085262057638,28.083347719386445,24.08170698847661
paris,2016-08-28,749.6237894917584,,0.04609425467358326
paris,2016-05-13,1069.1160158891141,,0.08686752873563232
paris,2016-10-03,1099.654933240853,,0.09598773127535375
paris,2016-07-26,951.8433654952643,,0.08447688269735525
taipeh,2017-09-20,583.3156589218806,,0.04743189011060623
marseille,2017-06-19,396.969033530572,,0.059598414694280406
paris,2016-01-12,1071.311243936244,,0.07450251182033105
paris,2016-06-26,887.7970704467352,,0.057424709302325676
wolfsburg,2016-09-21,219.9284774436053,,0.07244174342105182
paris,2016-03-12,936.206688119673,,0.07668665091553468
toronto,2016-09-06,267.13793566458617,,0.09426791631529392
